-- Script was generated by Devart dbForge Studio for MySQL, Version 4.50.285.0
-- Script date 30/05/2013 21:44:34
-- Server version: 5.5.24-log
-- Client version: 4.1

-- 
-- Disable foreign keys
-- 
/*!40014 SET @OLD_FOREIGN_KEY_CHECKS=@@FOREIGN_KEY_CHECKS, FOREIGN_KEY_CHECKS=0 */;

-- 
-- Set character set the client will use to send SQL statements to the server
--
SET NAMES 'utf8';

--
-- Definition for database intranet_ceti
--
DROP DATABASE IF EXISTS intranet_ceti;
CREATE DATABASE IF NOT EXISTS intranet_ceti
	CHARACTER SET latin1
	COLLATE latin1_swedish_ci;

-- 
-- Set default database
--
USE intranet_ceti;

--
-- Definition for table tbl_permission
--
CREATE TABLE IF NOT EXISTS tbl_permission (
  id_permission INT(4) NOT NULL AUTO_INCREMENT,
  key_permission VARCHAR(25) NOT NULL,
  name VARCHAR(60) DEFAULT NULL,
  description TEXT DEFAULT NULL,
  PRIMARY KEY (id_permission),
  UNIQUE INDEX key_permission (key_permission)
)
ENGINE = INNODB
AUTO_INCREMENT = 14
AVG_ROW_LENGTH = 1489
CHARACTER SET latin1
COLLATE latin1_swedish_ci;

--
-- Definition for table tbl_role
--
CREATE TABLE IF NOT EXISTS tbl_role (
  id_role VARCHAR(255),
  name VARCHAR(255) DEFAULT NULL,
  PRIMARY KEY (id_role)
)
ENGINE = INNODB
AVG_ROW_LENGTH = 5461
CHARACTER SET latin1
COLLATE latin1_swedish_ci;

--
-- Definition for table tbl_subject
--
CREATE TABLE IF NOT EXISTS tbl_subject (
  id_subject INT(11) NOT NULL AUTO_INCREMENT,
  name VARCHAR(255) DEFAULT NULL,
  PRIMARY KEY (id_subject)
)
ENGINE = INNODB
AUTO_INCREMENT = 15
AVG_ROW_LENGTH = 1489
CHARACTER SET latin1
COLLATE latin1_swedish_ci;

--
-- Definition for table tbl_role_permission
--
CREATE TABLE IF NOT EXISTS tbl_role_permission (
  id_role_permission INT(4) NOT NULL AUTO_INCREMENT,
  id_role VARCHAR(5) DEFAULT NULL,
  id_permission INT(11) DEFAULT NULL,
  PRIMARY KEY (id_role_permission),
  INDEX FK_tlb_role_permission_tbl_permission_id_permission (id_permission),
  INDEX FK_tlb_role_permission_tbl_role_id_role (id_role),
  CONSTRAINT FK_tlb_role_permission_tbl_permission_id_permission FOREIGN KEY (id_permission)
    REFERENCES tbl_permission(id_permission),
  CONSTRAINT FK_tlb_role_permission_tbl_role_id_role FOREIGN KEY (id_role)
    REFERENCES tbl_role(id_role)
)
ENGINE = INNODB
AUTO_INCREMENT = 14
AVG_ROW_LENGTH = 3276
CHARACTER SET latin1
COLLATE latin1_swedish_ci;

--
-- Definition for table tbl_users
--
CREATE TABLE IF NOT EXISTS tbl_users (
  id_user INT(11) NOT NULL AUTO_INCREMENT,
  email VARCHAR(255) NOT NULL,
  `password` VARCHAR(255) NOT NULL,
  id_role VARCHAR(255) DEFAULT NULL,
  PRIMARY KEY (id_user),
  INDEX FK_tbl_user_tbl_role_id_role (id_role),
  CONSTRAINT FK_tbl_user_tbl_role_id_role FOREIGN KEY (id_role)
    REFERENCES tbl_role(id_role)
)
ENGINE = INNODB
AUTO_INCREMENT = 19
AVG_ROW_LENGTH = 1638
CHARACTER SET latin1
COLLATE latin1_swedish_ci;

--
-- Definition for table tbl_person
--
CREATE TABLE IF NOT EXISTS tbl_person (
  id_person INT(11) NOT NULL AUTO_INCREMENT,
  name VARCHAR(60) DEFAULT NULL,
  lastname VARCHAR(60) DEFAULT NULL,
  address VARCHAR(100) DEFAULT NULL,
  phone VARCHAR(10) DEFAULT NULL,
  cellphone VARCHAR(11) DEFAULT NULL,
  dni VARCHAR(8) DEFAULT NULL,
  sex VARCHAR(15) DEFAULT NULL,
  `e-mail` VARCHAR(30) DEFAULT NULL,
  born VARCHAR(20) DEFAULT NULL,
  id_user INT(11) DEFAULT NULL,
  PRIMARY KEY (id_person),
  UNIQUE INDEX id_user (id_user),
  CONSTRAINT FK_tbl_person_tbl_users_id_user FOREIGN KEY (id_user)
    REFERENCES tbl_users(id_user)
)
ENGINE = INNODB
AUTO_INCREMENT = 18
AVG_ROW_LENGTH = 1260
CHARACTER SET latin1
COLLATE latin1_swedish_ci;

--
-- Definition for table tbl_alumn
--
CREATE TABLE IF NOT EXISTS tbl_alumn (
  id_alumn INT(11) NOT NULL AUTO_INCREMENT,
  id_person INT(11) DEFAULT NULL,
  `condition` VARCHAR(3) DEFAULT NULL,
  PRIMARY KEY (id_alumn),
  UNIQUE INDEX id_person (id_person),
  CONSTRAINT FK_tbl_alumn_tbl_person_id_person FOREIGN KEY (id_person)
    REFERENCES tbl_person(id_person)
)
ENGINE = INNODB
AUTO_INCREMENT = 15
AVG_ROW_LENGTH = 2048
CHARACTER SET latin1
COLLATE latin1_swedish_ci;

--
-- Definition for table tbl_docente
--
CREATE TABLE IF NOT EXISTS tbl_docente (
  id_docente INT(4) NOT NULL AUTO_INCREMENT,
  id_person INT(11) DEFAULT NULL,
  PRIMARY KEY (id_docente),
  UNIQUE INDEX id_persona (id_person),
  CONSTRAINT FK_tbl_docente_tbl_person_id_person FOREIGN KEY (id_person)
    REFERENCES tbl_person(id_person)
)
ENGINE = INNODB
AUTO_INCREMENT = 3
AVG_ROW_LENGTH = 8192
CHARACTER SET latin1
COLLATE latin1_swedish_ci;

--
-- Definition for table tbl_registration
--
CREATE TABLE IF NOT EXISTS tbl_registration (
  id_registration INT(11) NOT NULL AUTO_INCREMENT,
  id_alumn INT(11) DEFAULT NULL,
  id_docente INT(4) NOT NULL DEFAULT 1,
  grade CHAR(1) DEFAULT NULL,
  section CHAR(1) DEFAULT NULL,
  `year` INT(4) DEFAULT NULL,
  PRIMARY KEY (id_registration),
  INDEX FK_tbl_registration_tbl_alumn_id_alumn (id_alumn),
  INDEX FK_tbl_registration_tbl_docente_id_docente (id_docente),
  CONSTRAINT FK_tbl_registration_tbl_alumn_id_alumn FOREIGN KEY (id_alumn)
    REFERENCES tbl_alumn(id_alumn),
  CONSTRAINT FK_tbl_saloon_tbl_docente_id_docente FOREIGN KEY (id_docente)
    REFERENCES tbl_docente(id_docente)
)
ENGINE = INNODB
AUTO_INCREMENT = 5
AVG_ROW_LENGTH = 4096
CHARACTER SET latin1
COLLATE latin1_swedish_ci;

--
-- Definition for table tbl_record
--
CREATE TABLE IF NOT EXISTS tbl_record (
  id_record INT(11) NOT NULL AUTO_INCREMENT,
  id_subject INT(3) DEFAULT NULL,
  N1_average DOUBLE DEFAULT NULL,
  N2_average DOUBLE DEFAULT NULL,
  N3_average DOUBLE DEFAULT NULL,
  N4_average DOUBLE DEFAULT NULL,
  id_registration INT(11) DEFAULT NULL,
  PRIMARY KEY (id_record),
  INDEX FK_tbl_bimester_tbl_subject_id_subject (id_subject),
  INDEX FK_tbl_record_tbl_registration_id_registration (id_registration),
  CONSTRAINT FK_tbl_record_tbl_registration_id_registration FOREIGN KEY (id_registration)
    REFERENCES tbl_registration(id_registration),
  CONSTRAINT FK_tbl_record_tbl_subject_id_subject FOREIGN KEY (id_subject)
    REFERENCES tbl_subject(id_subject)
)
ENGINE = INNODB
AUTO_INCREMENT = 20
AVG_ROW_LENGTH = 862
CHARACTER SET latin1
COLLATE latin1_swedish_ci;

-- 
-- Dumping data for table tbl_permission
--
INSERT INTO tbl_permission VALUES 
  (3, 'add_alumn', 'Agregar Alumno', 'Registrar nuevo Alumno'),
  (4, 'add_docente', 'Agregar Docente', 'Registrar nuevo Docente'),
  (5, 'editAlumn', 'Editar Alumno', 'editAlumn'),
  (6, 'editDocente', 'Editar Docente', NULL),
  (7, 'elimAlumn', 'Eliminar Alumno', NULL),
  (8, 'elimDocente', 'Eliminar Docente', NULL),
  (9, 'asignarAlumn', 'Asignar Alumn', NULL),
  (10, 'asignarDocente', 'Asignar Docente', NULL),
  (11, 'aperturarAno', 'Aperturar Año', 'Apertura de nuevo año acedmico'),
  (12, 'gestion_curso', 'Gestionar Cursos', 'Asignar los cursos que se llevaran a cabo para cada año de la secundaria'),
  (13, 'abm_alumno', 'Gestionar Alumno', 'Gestión ABM de alumnos');

-- 
-- Dumping data for table tbl_role
--
INSERT INTO tbl_role VALUES 
  ('alum', 'Alumno'),
  ('dir', 'Director'),
  ('doc', 'Docente');

-- 
-- Dumping data for table tbl_subject
--
INSERT INTO tbl_subject VALUES 
  (1, 'Persona Familia y Relaciones Humanas'),
  (2, 'Historia, Geografía y Economía'),
  (3, 'Matemática'),
  (4, 'Ciencia, Tecnología y Ambiente'),
  (5, 'Ed. Fisica'),
  (6, 'Ed. Religiosa'),
  (7, 'Formación Ciudadana y Cívica'),
  (8, 'Comunicación'),
  (12, 'Inglés'),
  (13, 'Arte'),
  (14, 'Educación para el Trabajo');

-- 
-- Dumping data for table tbl_role_permission
--
INSERT INTO tbl_role_permission VALUES 
  (3, 'dir', 3),
  (4, 'dir', 4),
  (11, 'dir', 11),
  (12, 'dir', 12),
  (13, 'dir', 13);

-- 
-- Dumping data for table tbl_users
--
INSERT INTO tbl_users VALUES 
  (1, 'delmonxd@gmail.com', 'holi', 'dir'),
  (3, 'cmandamiento', '1234', 'dir'),
  (5, 'javi@bicho.com', 'h0fbppsb', 'doc'),
  (8, 'ma@me.com', 'hzc337pt', 'alum'),
  (13, 'martinaep19@gmail.com', 'kcrjzd3q', 'alum'),
  (14, 'magyver.figueroa@gmail.com', 'cpt4vfp1', 'alum'),
  (15, 'patricio@hotmail.com', '29m909bs', 'alum'),
  (16, 'rosa@gmail.com', '1tkvmyhz', 'alum'),
  (17, 'miranda@gmail.com', 'ydq5h4k3', 'alum'),
  (18, 'luis@gmail.com', 'x08vrn25', 'alum');

-- 
-- Dumping data for table tbl_person
--
INSERT INTO tbl_person VALUES 
  (1, 'Martín Antonio', 'Eguizabal Pichilingue', 'Coperativa Ingenio S/N', '-', '966479762', '71088598', 'M', 'martianep19@gmail.com', '20-11-1992', NULL),
  (2, 'Flavio Magyver', 'Figueroa Villarreal', 'AAHH Manzanares Et. 4 D-10', '-', '985037996', '71998024', 'M', 'magyverfigueroa@gmail.com', '09-03-1993', NULL),
  (3, 'César Oswaldo', 'Mandamiento Salas', 'Av. Centenario #1177', '012392255', '980312797', '72271819', 'M', 'delmonxd@gmail.com', '19-07-1993', NULL),
  (5, 'Carlos Antonio', 'Figueroa Pichilingue', 'Av. Los sauces #4477', '-', '987123456', '14723519', 'M', 'carlos@gmail.com', '10/06/1980', NULL),
  (6, 'Javier', 'Torres', 'Av. La paz 147', '-', '9741123854', '14785214', 'M', 'javi@bicho.com', '07-02-1984', NULL),
  (7, 'Pedro Martin', 'Figueroa Carreño', 'Psje. Loza #14', '-', '987025896', '78451285', 'M', 'ma@me.com', '12-07-1990', NULL),
  (11, 'César Oswaldo', 'Mandamiento Salas', 'Av. Centenario #1177', '2392255', '980312797', '72271819', 'M', 'delmonxd@gmail.com', '19-07-1993', NULL),
  (12, 'Martin', 'Eguizabal Pichilingue', 'Coperativa Ingenio S/N', '-', '966479762', '71088598', 'M', 'martinaep19@gmail.com', '20-11-1992', NULL),
  (13, 'Magyver', 'Figueroa Villarreal', 'AAHH Manzanares - Mz. D Lt. 10', '-', '985037996', '71998024', 'M', 'magyver.figueroa@gmail.com', '09-03-1993', NULL),
  (14, 'Juan Manuel', 'Canales Patricio', '-', '-', '-', '14785214', 'M', 'patricio@hotmail.com', '', NULL),
  (15, 'Patricia Isabel', 'Canchari Cure', '-', '-', '-', '741258', 'F', 'rosa@gmail.com', '', NULL),
  (16, 'Miranda Massiel', 'Cruz León', '-', '-', '-', '741258', 'F', 'miranda@gmail.com', '', NULL),
  (17, 'Luis Fernando', 'Costilla Retuerto', '-', '-', '-', '741258', 'M', 'luis@gmail.com', '', NULL);

-- 
-- Dumping data for table tbl_alumn
--
INSERT INTO tbl_alumn VALUES 
  (4, 7, 'H'),
  (8, 11, 'H'),
  (9, 12, 'H'),
  (10, 13, 'H'),
  (11, 14, 'H'),
  (12, 15, 'H'),
  (13, 16, 'H'),
  (14, 17, 'H');

-- 
-- Dumping data for table tbl_docente
--
INSERT INTO tbl_docente VALUES 
  (1, 5),
  (2, 6);

-- 
-- Dumping data for table tbl_registration
--
INSERT INTO tbl_registration VALUES 
  (1, 11, 1, '3', 'A', 2013),
  (2, 12, 1, '3', 'A', 2013),
  (3, 13, 1, '3', 'A', 2013),
  (4, 14, 1, '3', 'A', 2013);

-- 
-- Dumping data for table tbl_record
--
INSERT INTO tbl_record VALUES 
  (1, 1, 17, 11, NULL, NULL, 1),
  (2, 2, 16, NULL, NULL, NULL, 1),
  (3, 4, 15, NULL, NULL, NULL, 1),
  (4, 3, 18, 18, 20, 11, 1),
  (5, 3, 15, 19, 20, 15, 2),
  (6, 3, 8, 18, 20, 19, 4),
  (7, 3, 12, 19, 10, 20, 3),
  (8, 8, 16, 15, NULL, NULL, 1),
  (9, 8, 14, 16, NULL, NULL, 2),
  (10, 8, 10, 15, NULL, NULL, 4),
  (11, 8, 14, 16, NULL, NULL, 3),
  (12, 12, 16, 17, NULL, NULL, 1),
  (13, 12, 14, 19, NULL, NULL, 2),
  (14, 12, 12, 14, NULL, NULL, 4),
  (15, 12, 14, 11, NULL, NULL, 3),
  (16, 13, 15, 20, 17, NULL, 1),
  (17, 13, 13, 20, 17, NULL, 2),
  (18, 13, 10, 19, 17, NULL, 4),
  (19, 13, 12, 11, 16, NULL, 3);

-- 
-- Enable foreign keys
-- 
/*!40014 SET FOREIGN_KEY_CHECKS=@OLD_FOREIGN_KEY_CHECKS */;